,Tiempo (dia),Volumen dep. almacenam. ini. (L),Venta (L),Llenado dep. almacenam. (L),Volumen dep. almacenam. fin. teor. (L),Volumen dep. almacenam. fin. (L),Variacion,Variacion Acum.,Fugando combustible
9,1,"20926,01","-6330,0","7936,74","22532,75","22555,94","23,19","305,48",0
10,2,"22555,94","-5905,0","3348,49","19999,43","20111,82","112,39","503,47",0
11,3,"20111,82","-6245,0","6923,21","20790,03","20855,37","65,34","514,15",0
12,4,"20855,37","-5905,0","7053,86","22004,23","21964,05","-40,18","343,39",0
13,5,"21964,05","-6135,0","3675,69","19504,74","19539,13","34,39","420,04",0
14,6,"19539,13","-6195,0","8541,12","21885,25","21952,15","66,9","451,34",0
15,7,"21952,15","-5860,0","5808,12","21900,27","21877,79","-22,48","425,01",0
16,8,"21877,79","-5995,0","6992,85","22875,64","22857,86","-17,78","306,75",0
17,9,"22857,86","-5570,0","5516,41","22804,27","22862,46","58,19","325,28",0
18,10,"22862,46","-6000,0","5666,42","22528,88","22431,72","-97,16","182,8",0
19,11,"22431,72","-6060,0","6621,7","22993,42","23031,28","37,86","197,47",0
20,12,"23031,28","-5655,0","6811,57","24187,85","24294,99","107,14","192,22",0
21,13,"24294,99","-6280,0","3507,16","21522,15","21552,26","30,11","156,99",0
22,14,"21552,26","-6220,0","5517,78","20850,04","20844,53","-5,51","191,66",0
23,15,"20844,53","-6415,0","8017,4","22446,93","22413,44","-33,49","123,78",0
24,16,"22413,44","-6140,0","5787,88","22061,32","22130,96","69,64","126,52",0
25,17,"22130,96","-6190,0","6954,0","22894,96","22956,54","61,58","210,58",0
26,18,"22956,54","-5780,0","6406,19","23582,73","23529,38","-53,35","175,01",0
27,19,"23529,38","-6180,0","5598,59","22947,97","22977,0","29,03","145,85",0
28,20,"22977,0","-5790,0","3794,48","20981,48","21035,14","53,66","296,67",0
29,21,"21035,14","-5835,0","6834,36","22034,5","22086,39","51,89","310,7",0
30,22,"22086,39","-6345,0","5982,66","21724,05","21740,11","16,06","219,62",0
31,23,"21740,11","-6005,0","5929,23","21664,34","21763,13","98,79","288,3",0
32,24,"21763,13","-6010,0","4313,23","20066,36","20059,55","-6,81","287,0",0
33,25,"20059,55","-5530,0","6550,64","21080,19","21125,86","45,67","366,16",0
34,26,"21125,86","-6395,0","5035,73","19766,59","19828,9","62,31","358,83",0
35,27,"19828,9","-5625,0","5931,32","20135,22","20197,09","61,87","359,12",0
36,28,"20197,09","-5925,0","8830,92","23103,01","22995,22","-107,79","304,68",0
37,29,"22995,22","-5940,0","5570,08","22625,3","22672,49","47,19","322,84",0
38,30,"22672,49","-5965,0","4832,42","21539,91","21556,78","16,87","286,05",0
39,31,"21556,78","-6015,0","9156,4","24698,18","24649,31","-48,87","185,29",0
40,32,"24649,31","-5780,0","2307,31","21176,62","21227,78","51,16","220,39",0
41,33,"21227,78","-5970,0","6941,28","22199,06","22202,6","3,54","125,14",0
42,34,"22202,6","-5930,0","5782,25","22054,85","22076,63","21,78","153,73",0
43,35,"22076,63","-5995,0","5178,23","21259,86","21262,27","2,41","110,47",0
44,36,"21262,27","-5725,0","5957,87","21495,14","21543,16","48,02","96,18",0
45,37,"21543,16","-5895,0","6383,72","22031,88","21977,6","-54,28","-19,97",0
46,38,"21977,6","-5820,0","4088,26","20245,86","20244,51","-1,35","86,47",0
47,39,"20244,51","-6015,0","7976,37","22205,88","22138,38","-67,5","-28,22",0
48,40,"22138,38","-6160,0","6569,47","22547,85","22552,58","4,73","-40,36",0
49,41,"22552,58","-5975,0","5989,11","22566,69","22512,89","-53,8","-45,29",0
50,42,"22512,89","-6120,0","6412,54","22805,43","22841,94","36,51","-59,94",0
51,43,"22841,94","-6490,0","5771,24","22123,18","22205,06","81,88","18,4",0
52,44,"22205,06","-6175,0","6068,6","22098,66","22031,25","-67,41","-70,79",0
53,45,"22031,25","-6095,0","7012,88","22949,13","22944,08","-5,05","-78,25",0
54,46,"22944,08","-6340,0","5188,57","21792,65","21739,93","-52,72","-178,99",0
55,47,"21739,93","-6285,0","5662,33","21117,26","21171,01","53,75","-70,96",0
56,48,"21171,01","-5690,0","7767,75","23248,76","23405,77","157,01","87,4",0
57,49,"23405,77","-5915,0","3915,15","21405,92","21329,25","-76,67","78,23",0
58,50,"21329,25","-5975,0","5617,14","20971,39","21107,25","135,86","209,36",0
59,51,"21107,25","-5875,0","9248,01","24480,26","24432,93","-47,33","215,83",0
60,52,"24432,93","-5830,0","2259,86","20862,79","20877,63","14,84","194,16",0
61,53,"20877,63","-6155,0","7508,25","22230,88","22239,01","8,13","120,41",0
62,54,"22239,01","-6020,0","5702,44","21921,45","21926,39","4,94","192,76",0
63,55,"21926,39","-5900,0","6168,38","22194,77","22224,23","29,46","227,27",0
64,56,"22224,23","-6090,0","6221,07","22355,3","22394,9","39,6","319,59",0
65,57,"22394,9","-6150,0","5034,83","21279,73","21402,26","122,53","388,37",0
66,58,"21402,26","-5905,0","6231,08","21728,34","21681,94","-46,4","184,96",0
67,59,"21681,94","-5870,0","7218,43","23030,37","23074,37","44,0","305,63",0
68,60,"23074,37","-5775,0","3824,72","21124,09","21123,01","-1,08","168,69",0
69,61,"21123,01","-5870,0","6737,32","21990,33","22046,68","56,35","272,37",0
70,62,"22046,68","-5880,0","7847,99","24014,67","24005,47","-9,2","248,33",0
71,63,"24005,47","-5860,0","3783,9","21929,37","21923,84","-5,53","234,67",0
72,64,"21923,84","-6515,0","5718,92","21127,76","21101,06","-26,7","203,03",0
73,65,"21101,06","-6200,0","4691,51","19592,57","19642,8","50,23","223,8",0
74,66,"19642,8","-5820,0","5981,22","19804,02","19824,32","20,3","204,5",0
75,67,"19824,32","-6015,0","6960,76","20770,08","20792,76","22,68","104,65",0
76,68,"20792,76","-5945,0","4755,66","19603,42","19612,15","8,73","159,78",0
77,69,"19612,15","-6090,0","10222,42","23744,57","23791,37","46,8","162,58",0
78,70,"23791,37","-5820,0","2971,71","20943,08","20947,62","4,54","168,2",0
79,71,"20947,62","-5700,0","6075,21","21322,83","21278,72","-44,11","67,74",0
80,72,"21278,72","-6175,0","6963,95","22067,67","22101,8","34,13","111,07",0
81,73,"22101,8","-6160,0","7814,4","23756,2","23759,21","3,01","119,61",0
82,74,"23759,21","-6030,0","6696,39","24425,6","24427,94","2,34","148,65",0
83,75,"24427,94","-5835,0","4710,99","23303,93","23309,89","5,96","104,38",0
84,76,"23309,89","-6050,0","5325,92","22585,81","22614,62","28,81","112,89",0
85,77,"22614,62","-6000,0","6406,18","23020,8","23026,57","5,77","95,98",0
86,78,"23026,57","-5690,0","5793,43","23130,0","23130,18","0,18","87,43",0
87,79,"23130,18","-6130,0","3211,28","20211,46","20199,83","-11,63","29,0",0
88,80,"20199,83","-5825,0","6939,25","21314,08","21397,81","83,73","108,19",0
89,81,"21397,81","-5755,0","6026,17","21668,98","21655,61","-13,37","138,93",0
90,82,"21655,61","-6010,0","7099,52","22745,13","22743,58","-1,55","103,25",0
91,83,"22743,58","-6560,0","4626,67","20810,25","20795,53","-14,72","85,52",0
92,84,"20795,53","-6045,0","6631,36","21381,89","21416,52","34,63","117,81",0
93,85,"21416,52","-5820,0","7676,75","23273,27","23338,0","64,73","176,58",0
94,86,"23338,0","-5900,0","6377,35","23815,35","23829,03","13,68","161,45",0
95,87,"23829,03","-6055,0","2499,16","20273,19","20277,92","4,73","160,41",0
96,88,"20277,92","-5870,0","9361,33","23769,25","23610,4","-158,85","1,38",0
97,89,"23610,4","-6150,0","6712,06","24172,46","24234,16","61,7","74,71",0
98,90,"24234,16","-6165,0","3892,64","21961,8","21897,38","-64,42","-73,44",0
99,91,"21897,38","-5820,0","6237,93","22315,31","22252,28","-63,03","-123,1",0
100,92,"22252,28","-5920,0","7018,69","23350,97","23429,81","78,84","-42,71",0
101,93,"23429,81","-6010,0","6666,86","24086,67","24123,32","36,65","8,66",0
102,94,"24123,32","-6410,0","6345,27","24058,59","24047,86","-10,73","-36,7",0
103,95,"24047,86","-6315,0","3042,29","20775,15","20803,99","28,84","-72,59",0
104,96,"20803,99","-5895,0","6528,12","21437,11","21434,01","-3,1","-89,37",0
105,97,"21434,01","-5930,0","7009,93","22513,94","22630,87","116,93","22,83",0
106,98,"22630,87","-5925,0","5652,74","22358,61","22336,96","-21,65","160,03",0
107,99,"22336,96","-6270,0","3561,67","19628,63","19644,61","15,98","114,31",0
108,100,"19644,61","-6120,0","6966,26","20490,87","20507,9","17,03","195,76",0
109,101,"20507,9","-5900,0","7989,24","22597,14","22627,39","30,25","289,04",0
110,102,"22627,39","-5860,0","5487,27","22254,66","22281,96","27,3","237,5",0
111,103,"22281,96","-6205,0","4837,1","20914,06","20911,31","-2,75","198,1",0
112,104,"20911,31","-6035,0","6435,06","21311,37","21324,16","12,79","221,62",0
113,105,"21324,16","-6165,0","6901,99","22061,15","22112,67","51,52","244,3",0
114,106,"22112,67","-6235,0","7943,11","23820,78","23877,37","56,59","303,99",0
115,107,"23877,37","-5800,0","4056,64","22134,01","22092,06","-41,95","145,11",0
116,108,"22092,06","-6190,0","5966,49","21868,55","21856,91","-11,64","155,12",0
117,109,"21856,91","-6525,0","4079,82","19411,73","19430,18","18,45","157,59",0
118,110,"19430,18","-6160,0","7108,75","20378,93","20492,94","114,01","254,57",0
119,111,"20492,94","-5935,0","5706,76","20264,7","20329,06","64,36","288,68",0
120,112,"20329,06","-6150,0","6022,2","20201,26","20174,31","-26,95","234,43",0
121,113,"20174,31","-5985,0","7922,69","22112,0","22103,11","-8,89","228,29",0
122,114,"22103,11","-6100,0","5048,06","21051,17","21109,24","58,07","273,57",0
123,115,"21109,24","-5980,0","7850,11","22979,35","23000,41","21,06","243,11",0
124,116,"23000,41","-5775,0","7717,48","24942,89","24951,85","8,96","195,48",0
125,117,"24951,85","-5835,0","2311,78","21428,63","21450,96","22,33","259,76",0
126,118,"21450,96","-5995,0","7255,15","22711,11","22774,13","63,02","334,42",0
127,119,"22774,13","-6055,0","6743,17","23462,3","23508,39","46,09","362,06",0
128,120,"23508,39","-5975,0","3849,63","21383,02","21376,4","-6,62","241,43",0
129,121,"21376,4","-6105,0","6794,21","22065,61","22101,36","35,75","212,82",0
130,122,"22101,36","-5930,0","5948,69","22120,05","22162,1","42,05","281,82",0
131,123,"22162,1","-5925,0","5772,71","22009,81","22026,42","16,61","307,32",0
132,124,"22026,42","-6325,0","7047,12","22748,54","22755,48","6,94","256,19",0
133,125,"22755,48","-6220,0","3991,05","20526,53","20566,66","40,13","275,26",0
134,126,"20566,66","-5870,0","7318,65","22015,31","22105,7","90,39","356,69",0
135,127,"22105,7","-6095,0","3026,52","19037,22","19046,92","9,7","344,06",0
136,128,"19046,92","-6260,0","8024,4","20811,32","20762,79","-48,53","232,51",0
137,129,"20762,79","-6285,0","6972,59","21450,38","21453,75","3,37","189,79",0
138,130,"21453,75","-5990,0","5957,84","21421,59","21476,39","54,8","251,21",0
139,131,"21476,39","-6045,0","7696,03","23127,42","23109,8","-17,62","197,84",0
140,132,"23109,8","-6175,0","6926,72","23861,52","23784,87","-76,65","79,14",0
141,133,"23784,87","-6210,0","3173,49","20748,36","20796,21","47,85","110,38",0
142,134,"20796,21","-6265,0","6918,13","21449,34","21409,66","-39,68","63,76",0
143,135,"21409,66","-6115,0","6916,01","22210,67","22371,73","161,06","184,69",0
144,136,"22371,73","-6205,0","4042,98","20209,71","20239,49","29,78","124,08",0
145,137,"20239,49","-5635,0","8053,34","22657,83","22633,1","-24,73","89,65",0
146,138,"22633,1","-5765,0","6226,96","23095,06","22961,74","-133,32","4,86",0
147,139,"22961,74","-6020,0","5253,45","22195,19","22280,53","85,34","86,83",0
148,140,"22280,53","-6265,0","3926,62","19942,15","19964,53","22,38","54,41",0
149,141,"19964,53","-6190,0","7987,26","21761,79","21786,13","24,34","96,37",0
150,142,"21786,13","-5685,0","5914,6","22015,73","22099,09","83,36","256,38",0
151,143,"22099,09","-6505,0","3970,74","19564,83","19599,05","34,22","242,75",0
152,144,"19599,05","-5710,0","6943,72","20832,77","20882,46","49,69","332,12",0
153,145,"20882,46","-6305,0","7867,26","22444,72","22431,74","-12,98","158,08",0
154,146,"22431,74","-5465,0","6467,21","23433,95","23484,67","50,72","179,02",0
155,147,"23484,67","-6145,0","4850,02","22189,69","22201,35","11,66","215,41",0
156,148,"22201,35","-6230,0","8726,17","24697,52","24659,35","-38,17","310,56",0
157,149,"24659,35","-6290,0","5154,71","23524,06","23554,79","30,73","255,95",0
158,150,"23554,79","-6200,0","2518,63","19873,42","19872,16","-1,26","232,31",0
159,151,"19872,16","-5920,0","7947,29","21899,45","21936,76","37,31","245,28",0
160,152,"21936,76","-6255,0","7141,87","22823,63","22987,58","163,95","325,87",0
161,153,"22987,58","-6040,0","4184,29","21131,87","21152,24","20,37","312,02",0
162,154,"21152,24","-6130,0","9893,05","24915,29","24961,64","46,35","308,68",0
163,155,"24961,64","-6090,0","5887,43","24759,07","24758,66","-0,41","321,25",0
164,156,"24758,66","-6185,0","3895,14","22468,8","22492,8","24,0","294,53",0
165,157,"22492,8","-5890,0","5949,51","22552,31","22596,21","43,9","326,77",0
166,158,"22596,21","-5955,0","6983,44","23624,65","23662,86","38,21","403,15",0
167,159,"23662,86","-5855,0","3287,69","21095,55","21127,19","31,64","404,06",0
168,160,"21127,19","-6080,0","6118,21","21165,4","21092,42","-72,98","332,34",0
169,161,"21092,42","-6085,0","7052,62","22060,04","21974,84","-85,2","209,83",0
170,162,"21974,84","-6445,0","7897,03","23426,87","23376,15","-50,72","-4,84",0
171,163,"23376,15","-5915,0","5444,95","22906,1","22880,98","-25,12","-50,33",0
172,164,"22880,98","-6265,0","7010,53","23626,51","23655,3","28,79","-67,89",0
173,165,"23655,3","-6040,0","5961,29","23576,59","23576,02","-0,57","-68,05",0
174,166,"23576,02","-5960,0","6374,36","23990,38","24040,97","50,59","-41,46",0
175,167,"24040,97","-6180,0","2669,26","20530,23","20523,79","-6,44","-91,8",0
176,168,"20523,79","-5985,0","6989,59","21528,38","21536,93","8,55","-121,46",0
177,169,"21536,93","-5975,0","7296,22","22858,15","22875,55","17,4","-135,7",0
178,170,"22875,55","-6110,0","6545,5","23311,05","23349,79","38,74","-23,98",0
179,171,"23349,79","-6480,0","5998,24","22868,03","22873,24","5,21","66,43",0
180,172,"22873,24","-6295,0","7165,64","23743,88","23823,77","79,89","197,04",0
181,173,"23823,77","-5950,0","5206,75","23080,52","23110,9","30,38","252,54",0
182,174,"23110,9","-6345,0","5029,36","21795,26","21858,83","63,57","287,32",0
183,175,"21858,83","-6095,0","5486,41","21250,24","21233,53","-16,71","271,18",0
184,176,"21233,53","-5895,0","7682,16","23020,69","23031,86","11,17","231,76",0
185,177,"23031,86","-5845,0","4468,13","21654,99","21669,28","14,29","252,49",0
186,178,"21669,28","-6205,0","6701,96","22166,24","22137,85","-28,39","215,55",0
187,179,"22137,85","-5840,0","7205,64","23503,49","23536,0","32,51","230,66",0
188,180,"23536,0","-5605,0","6233,94","24164,94","24246,68","81,74","273,66",0
189,181,"24246,68","-5965,0","4893,34","23175,02","23172,96","-2,06","266,39",0
190,182,"23172,96","-6225,0","4129,72","21077,68","21055,69","-21,99","164,51",0
191,183,"21055,69","-5870,0","7456,29","22641,98","22720,86","78,88","213,01",0
192,184,"22720,86","-6480,0","7389,26","23630,12","23560,99","-69,13","80,31",0
193,185,"23560,99","-6040,0","5931,66","23452,65","23487,89","35,24","132,26",0
194,186,"23487,89","-6335,0","6481,17","23634,06","23635,56","1,5","122,59",0
195,187,"23635,56","-6280,0","6139,96","23495,52","23484,71","-10,81","97,49",0
196,188,"23484,71","-5970,0","3937,01","21451,72","21345,18","-106,54","19,34",0
197,189,"21345,18","-6310,0","7660,11","22695,29","22717,19","21,9","8,73",0
198,190,"22717,19","-5635,0","6588,82","23671,01","23617,44","-53,57","-126,58",0
199,191,"23617,44","-5905,0","4791,85","22504,29","22583,45","79,16","-45,36",0
200,192,"22583,45","-5885,0","4361,14","21059,59","20962,64","-96,95","-120,32",0
201,193,"20962,64","-5930,0","6267,14","21299,78","21346,87","47,09","-152,11",0
202,194,"21346,87","-5965,0","5650,54","21032,41","21081,29","48,88","-34,1",0
203,195,"21081,29","-5800,0","7639,67","22920,96","22917,25","-3,71","-73,05",0
204,196,"22917,25","-6165,0","3323,96","20076,21","20098,81","22,6","-51,95",0
205,197,"20098,81","-6070,0","7031,31","21060,12","21017,76","-42,36","-83,5",0
206,198,"21017,76","-6410,0","6543,05","21150,81","21090,82","-59,99","-36,95",0
207,199,"21090,82","-5865,0","9502,19","24728,01","24769,47","41,46","-17,39",0
208,200,"24769,47","-6635,0","2803,78","20938,25","20935,12","-3,13","33,05",0
209,201,"20935,12","-6225,0","7982,54","22692,66","22664,43","-28,23","-74,34",0
210,202,"22664,43","-6045,0","5283,88","21903,31","21956,33","53,02","75,63",0
211,203,"21956,33","-6060,0","6070,42","21966,75","21880,68","-86,07","-57,53",0
212,204,"21880,68","-6225,0","7604,52","23260,2","23340,4","80,2","-26,21",0
213,205,"23340,4","-6145,0","5447,87","22643,27","22733,38","90,11","67,61",0
214,206,"22733,38","-6190,0","6034,42","22577,8","22538,72","-39,08","5,93",0
215,207,"22538,72","-5710,0","3652,84","20481,56","20480,18","-1,38","46,91",0
216,208,"20480,18","-6090,0","6972,85","21363,03","21399,73","36,7","143,6",0
217,209,"21399,73","-6220,0","7347,94","22527,67","22492,36","-35,31","66,83",0
218,210,"22492,36","-6510,0","7296,5","23278,86","23271,74","-7,12","62,84",0
219,211,"23271,74","-6155,0","6139,67","23256,41","23268,27","11,86","102,93",0
220,212,"23268,27","-5980,0","3955,6","21243,87","21253,4","9,53","59,44",0
221,213,"21253,4","-6035,0","7228,13","22446,53","22494,35","47,82","193,33",0
222,214,"22494,35","-5910,0","4010,48","20594,83","20591,9","-2,93","110,2",0
223,215,"20591,9","-6120,0","6973,58","21445,48","21478,31","32,83","52,92",0
224,216,"21478,31","-5860,0","7312,59","22930,9","22931,29","0,39","92,39",0
225,217,"22931,29","-5690,0","5306,94","22548,23","22604,17","55,94","149,71",0
226,218,"22604,17","-5500,0","6275,87","23380,04","23346,02","-34,02","78,99",0
227,219,"23346,02","-6035,0","2952,94","20263,96","20225,19","-38,77","75,53",0
228,220,"20225,19","-5995,0","7695,25","21925,44","21961,29","35,85","118,5",0
229,221,"21961,29","-5535,0","6259,95","22686,24","22771,54","85,3","191,94",0
230,222,"22771,54","-5795,0","6700,55","23677,09","23547,82","-129,27","53,14",0
231,223,"23547,82","-5990,0","5329,2","22887,02","22896,13","9,11","14,43",0
232,224,"22896,13","-5890,0","5504,92","22511,05","22469,3","-41,75","-24,39",0
233,225,"22469,3","-5935,0","7361,44","23895,74","23820,03","-75,71","-132,93",0
234,226,"23820,03","-5995,0","3730,38","21555,41","21558,66","3,25","-130,07",0
235,227,"21558,66","-5850,0","6872,47","22581,13","22453,32","-127,81","-313,82",0
236,228,"22453,32","-5975,0","6229,72","22708,04","22664,64","-43,4","-323,2",0
237,229,"22664,64","-5620,0","4799,7","21844,34","21934,98","90,64","-193,79",0
238,230,"21934,98","-6220,0","6709,35","22424,33","22447,21","22,88","-206,76",0
239,231,"22447,21","-6040,0","4449,69","20856,9","20790,2","-66,7","-358,76",0
240,232,"20790,2","-6120,0","8313,04","22983,24","23003,82","20,58","-208,91",0
241,233,"23003,82","-5925,0","5751,23","22830,05","22824,25","-5,8","-223,82",0
242,234,"22824,25","-6280,0","6191,11","22735,36","22710,29","-25,07","-207,14",0
243,235,"22710,29","-6095,0","3857,46","20472,75","20454,1","-18,65","-150,08",0
244,236,"20454,1","-5985,0","9533,27","24002,37","23964,62","-37,75","-191,08",0
245,237,"23964,62","-6065,0","4739,17","22638,79","22566,5","-72,29","-135,56",0
246,238,"22566,5","-6280,0","6235,94","22522,44","22488,14","-34,3","-126,46",0
247,239,"22488,14","-6240,0","6247,99","22496,13","22501,45","5,32","-211,78",0
248,240,"22501,45","-5960,0","5801,01","22342,46","22402,83","60,37","-174,29",0
249,241,"22402,83","-5830,0","7191,29","23764,12","23699,18","-64,94","-172,53",0
250,242,"23699,18","-6005,0","2996,54","20690,72","20697,16","6,44","-186,67",0
251,243,"20697,16","-5960,0","7538,77","22275,93","22236,84","-39,09","-219,96",0
252,244,"22236,84","-6105,0","6504,08","22635,92","22610,26","-25,66","-220,55",0
253,245,"22610,26","-6345,0","5421,34","21686,6","21755,04","68,44","-133,46",0
254,246,"21755,04","-5970,0","6451,47","22236,51","22270,54","34,03","-61,68",0
255,247,"22270,54","-5990,0","6002,28","22282,82","22267,36","-15,46","-4,85",0
256,248,"22267,36","-6050,0","6413,09","22630,45","22553,71","-76,74","-47,29",0
257,249,"22553,71","-6005,0","7200,9","23749,61","23697,0","-52,61","-105,22",0
258,250,"23697,0","-5810,0","5267,57","23154,57","23157,95","3,38","-162,21",0
259,251,"23157,95","-6100,0","6685,98","23743,93","23759,83","15,9","-81,37",0
260,252,"23759,83","-5915,0","3250,46","21095,29","21177,02","81,73","-6,08",0
261,253,"21177,02","-5910,0","8880,58","24147,6","24192,77","45,17","78,18",0
262,254,"24192,77","-5970,0","3773,48","21996,25","21952,25","-44,0","59,84",0
263,255,"21952,25","-5960,0","7932,47","23924,72","23888,76","-35,96","-44,56",0
264,256,"23888,76","-6025,0","3677,75","21541,51","21602,59","61,08","-17,51",0
265,257,"21602,59","-6205,0","5993,3","21390,89","21377,36","-13,53","-15,58",0
266,258,"21377,36","-6070,0","6962,09","22269,45","22311,2","41,75","102,91",0
267,259,"22311,2","-5860,0","5641,73","22092,93","22099,97","7,04","162,56",0
268,260,"22099,97","-5710,0","6008,89","22398,86","22380,94","-17,92","141,26",0
269,261,"22380,94","-6235,0","7064,77","23210,71","23157,75","-52,96","72,4",0
270,262,"23157,75","-6005,0","3337,81","20490,56","20495,4","4,84","-4,49",0
271,263,"20495,4","-6100,0","7054,99","21450,39","21399,65","-50,74","-100,4",0
272,264,"21399,65","-6280,0","6519,46","21639,11","21648,43","9,32","-47,08",0
273,265,"21648,43","-5880,0","7000,25","22768,68","22798,21","29,53","18,41",0
274,266,"22798,21","-6170,0","5316,61","21944,82","22000,26","55,44","12,77",0
275,267,"22000,26","-6060,0","7626,62","23566,88","23551,83","-15,05","11,25",0
276,268,"23551,83","-5930,0","6239,09","23860,92","23918,79","57,87","27,37",0
277,269,"23918,79","-6135,0","3524,37","21308,16","21284,88","-23,28","-2,95",0
278,270,"21284,88","-5920,0","5649,8","21014,68","21034,1","19,42","34,39",0
279,271,"21034,1","-5885,0","8400,61","23549,71","23493,4","-56,31","31,04",0
280,272,"23493,4","-6105,0","3456,07","20844,47","20840,43","-4,04","22,16",0
281,273,"20840,43","-6065,0","9421,86","24197,29","24192,13","-5,16","67,74",0
282,274,"24192,13","-6440,0","5155,24","22907,37","22887,72","-19,65","38,77",0
283,275,"22887,72","-5935,0","3532,2","20484,92","20517,34","32,42","41,66",0
284,276,"20517,34","-5820,0","5992,53","20689,87","20696,11","6,24","-7,54",0
285,277,"20696,11","-5945,0","7010,1","21761,21","21730,14","-31,07","-23,56",0
286,278,"21730,14","-6130,0","3010,3","18610,44","18592,24","-18,2","-99,63",0
287,279,"18592,24","-5945,0","5998,55","18645,79","18641,74","-4,05","-80,4",0
288,280,"18641,74","-5445,0","8029,88","21226,62","21215,47","-11,15","-110,97",0
289,281,"21215,47","-6280,0","7490,05","22425,52","22463,04","37,52","-17,14",0
290,282,"22463,04","-5935,0","5444,24","21972,28","22014,12","41,84","28,74",0
291,283,"22014,12","-5810,0","6483,05","22687,17","22709,03","21,86","55,76",0
292,284,"22709,03","-6200,0","5997,16","22506,19","22504,81","-1,38","74,03",0
293,285,"22504,81","-5945,0","6049,11","22608,92","22730,85","121,93","163,54",0
294,286,"22730,85","-5965,0","6858,46","23624,31","23649,03","24,72","182,02",0
295,287,"23649,03","-6020,0","3610,53","21239,56","21247,17","7,61","220,7",0
296,288,"21247,17","-5900,0","6917,07","22264,24","22348,04","83,8","322,7",0
297,289,"22348,04","-6255,0","7420,02","23513,06","23455,83","-57,23","269,52",0
298,290,"23455,83","-6035,0","2816,28","20237,11","20256,92","19,81","300,48",0
299,291,"20256,92","-6115,0","5892,46","20034,38","20146,21","111,83","374,79",0
300,292,"20146,21","-5965,0","10362,82","24544,03","24598,34","54,31","387,26",0
301,293,"24598,34","-5925,0","2936,11","21609,45","21610,76","1,31","366,71",0
302,294,"21610,76","-5750,0","6325,0","22185,76","22137,65","-48,11","319,98",0
303,295,"22137,65","-5855,0","6258,79","22541,44","22583,73","42,29","240,34",0
304,296,"22583,73","-5975,0","6943,77","23552,5","23517,58","-34,92","180,7",0
305,297,"23517,58","-5705,0","5465,44","23278,02","23279,15","1,13","174,22",0
306,298,"23279,15","-6425,0","7606,55","24460,7","24565,46","104,76","195,18",0
307,299,"24565,46","-5910,0","5712,0","24367,46","24496,77","129,31","381,72",0
308,300,"24496,77","-5750,0","3101,13","21847,9","21854,69","6,79","368,7",0
309,301,"21854,69","-6325,0","6324,82","21854,51","21818,0","-36,51","220,36",0
310,302,"21818,0","-6390,0","6997,31","22425,31","22458,75","33,44","199,49",0
311,303,"22458,75","-6205,0","6025,03","22278,78","22337,14","58,36","256,54",0
312,304,"22337,14","-5995,0","6925,44","23267,58","23208,94","-58,64","246,01",0
313,305,"23208,94","-6170,0","4770,43","21809,37","21804,49","-4,88","198,84",0
314,306,"21804,49","-6295,0","4264,53","19774,02","19735,96","-38,06","195,7",0
315,307,"19735,96","-6065,0","7077,53","20748,49","20705,61","-42,88","151,69",0
316,308,"20705,61","-6160,0","6963,56","21509,17","21499,11","-10,06","36,87",0
317,309,"21499,11","-6060,0","7201,46","22640,57","22628,94","-11,63","-104,07",0
318,310,"22628,94","-6355,0","6898,79","23172,73","23115,68","-57,05","-167,91",0
319,311,"23115,68","-6175,0","3611,68","20552,36","20586,42","34,06","-97,34",0
320,312,"20586,42","-6140,0","5974,98","20421,4","20474,82","53,42","-77,36",0
321,313,"20474,82","-6210,0","8219,42","22484,24","22570,57","86,33","-49,39",0
322,314,"22570,57","-5780,0","5066,99","21857,56","21790,71","-66,85","-57,6",0
323,315,"21790,71","-6250,0","7291,29","22832,0","22799,45","-32,55","-85,27",0
324,316,"22799,45","-6160,0","6708,45","23347,9","23291,24","-56,66","-103,87",0
325,317,"23291,24","-5865,0","3998,49","21424,73","21507,23","82,5","21,51",0
326,318,"21507,23","-5670,0","6895,57","22732,8","22782,18","49,38","80,95",0
327,319,"22782,18","-6000,0","5936,46","22718,64","22555,22","-163,42","-70,84",0
328,320,"22555,22","-5695,0","3803,65","20663,87","20734,94","71,07","57,28",0
329,321,"20734,94","-5935,0","6021,49","20821,43","20795,55","-25,88","-2,66",0
330,322,"20795,55","-6555,0","6722,92","20963,47","20965,43","1,96","-54,12",0
331,323,"20965,43","-6260,0","6461,8","21167,23","21141,51","-25,72","-166,17",0
332,324,"21141,51","-6050,0","4306,38","19397,89","19386,13","-11,76","-111,08",0
333,325,"19386,13","-6410,0","5995,31","18971,44","18983,76","12,32","-66,21",0
334,326,"18983,76","-6165,0","6974,28","19793,04","19822,38","29,34","19,79",0
335,327,"19822,38","-6255,0","6007,24","19574,62","19561,4","-13,22","-75,93",0
336,328,"19561,4","-5885,0","5769,32","19445,72","19467,98","22,26","-103,05",0
337,329,"19467,98","-5955,0","9221,35","22734,33","22718,39","-15,94","44,43",0
338,330,"22718,39","-6005,0","6097,75","22811,14","22836,91","25,77","-0,87",0
339,331,"22836,91","-5820,0","6973,42","23990,33","23954,11","-36,22","-11,21",0
340,332,"23954,11","-5875,0","4840,21","22919,32","22943,38","24,06","10,89",0
341,333,"22943,38","-6250,0","4383,34","21076,72","21134,81","58,09","94,7",0
342,334,"21134,81","-6265,0","6776,71","21646,52","21645,54","-0,98","105,48",0
343,335,"21645,54","-5890,0","5957,2","21712,74","21771,49","58,75","151,91",0
344,336,"21771,49","-6060,0","6903,79","22615,28","22656,61","41,33","163,9",0
345,337,"22656,61","-5440,0","4467,73","21684,34","21579,48","-104,86","72,26",0
346,338,"21579,48","-6420,0","5121,47","20280,95","20370,71","89,76","139,76",0
347,339,"20370,71","-5945,0","6974,76","21400,47","21395,01","-5,46","150,24",0
348,340,"21395,01","-6130,0","6743,5","22008,51","22016,81","8,3","132,77",0
349,341,"22016,81","-6310,0","6555,54","22262,35","22289,36","27,01","196,0",0
350,342,"22289,36","-5945,0","5867,28","22211,64","22251,07","39,43","211,37",0
351,343,"22251,07","-6305,0","7519,1","23465,17","23478,98","13,81","167,09",0
352,344,"23478,98","-6425,0","3690,55","20744,53","20746,49","1,96","170,03",0
353,345,"20746,49","-6050,0","8493,83","23190,32","23330,2","139,88","251,16",0
354,346,"23330,2","-5705,0","4188,92","21814,12","21775,94","-38,18","171,65",0
355,347,"21775,94","-5860,0","6310,8","22226,74","22323,41","96,67","373,18",0
356,348,"22323,41","-6245,0","6042,48","22120,89","22129,09","8,2","291,62",0
357,349,"22129,09","-6020,0","4768,89","20877,98","20853,29","-24,69","272,39",0
358,350,"20853,29","-5755,0","6312,01","21410,3","21474,2","63,9","327,99",0
359,351,"21474,2","-5965,0","6029,7","21538,9","21516,03","-22,87","278,11",0
360,352,"21516,03","-5945,0","5864,03","21435,06","21562,32","127,26","365,94",0
361,353,"21562,32","-6065,0","7095,03","22592,35","22574,43","-17,92","334,21",0
362,354,"22574,43","-5890,0","5975,45","22659,88","22667,85","7,97","340,22",0
363,355,"22667,85","-5965,0","6046,97","22749,82","22781,24","31,42","231,76",0
364,356,"22781,24","-5730,0","4575,01","21626,25","21593,14","-33,11","236,83",0
365,357,"21593,14","-5790,0","7414,01","23217,15","23204,72","-12,43","127,73",0
366,358,"23204,72","-5880,0","3383,86","20708,58","20681,56","-27,02","92,51",0
367,359,"20681,56","-5970,0","7117,11","21828,67","21823,93","-4,74","112,46",0
368,360,"21823,93","-6195,0","6991,55","22620,48","22698,3","77,82","126,38",0
369,361,"22698,3","-5815,0","4568,42","21451,72","21437,39","-14,33","134,92",0
370,362,"21437,39","-6000,0","6582,78","22020,17","22077,66","57,49","65,15",0
371,363,"22077,66","-6140,0","9011,63","24949,29","25025,58","76,29","159,36",0
372,364,"25025,58","-5925,0","3774,81","22875,39","22929,54","54,15","205,54",0
373,365,"22929,54","-6060,0","6359,97","23229,51","23292,28","62,77","236,89",0
374,366,"23292,28","-6015,0","6526,48","23803,76","23721,4","-82,36","187,64",0
375,367,"23721,4","-6165,0","4192,78","21749,18","21792,59","43,41","243,48",0
376,368,"21792,59","-6165,0","5838,07","21465,66","21538,18","72,52","343,02",0
377,369,"21538,18","-6160,0","4255,96","19634,14","19778,12","143,98","491,74",0
378,370,"19778,12","-5960,0","6932,95","20751,07","20849,21","98,14","512,06",0
379,371,"20849,21","-6055,0","6820,59","21614,8","21687,23","72,43","598,82",0
380,372,"21687,23","-6100,0","7181,5","22768,73","22837,29","68,56","609,89",0
381,373,"22837,29","-6075,0","5072,03","21834,32","21894,74","60,42","594,02",0
382,374,"21894,74","-5875,0","4793,85","20813,59","20796,82","-16,77","523,1",0
383,375,"20796,82","-5805,0","6971,26","21963,08","21959,67","-3,41","456,92",0
384,376,"21959,67","-5990,0","7918,06","23887,73","23940,26","52,53","591,81",0
385,377,"23940,26","-6120,0","5299,96","23120,22","23151,41","31,19","579,59",0
386,378,"23151,41","-5820,0","4927,74","22259,15","22279,79","20,64","527,71",0
387,379,"22279,79","-6215,0","4770,41","20835,2","20907,38","72,18","455,91",0
388,380,"20907,38","-5835,0","7955,7","23028,08","22978,75","-49,33","308,44",0
389,381,"22978,75","-6250,0","6630,0","23358,75","23425,86","67,11","303,12",0
390,382,"23425,86","-5750,0","5388,67","23064,53","23078,4","13,87","248,43",0
391,383,"23078,4","-5810,0","4237,11","21505,51","21544,39","38,88","226,89",0
392,384,"21544,39","-5800,0","5970,9","21715,29","21719,37","4,08","247,74",0
393,385,"21719,37","-6065,0","4973,53","20627,9","20575,32","-52,58","198,57",0
394,386,"20575,32","-5920,0","6973,01","21628,33","21672,77","44,44","190,48",0
395,387,"21672,77","-5825,0","6035,92","21883,69","21835,37","-48,32","110,97",0
396,388,"21835,37","-6055,0","6473,54","22253,91","22303,96","50,05","140,38",0
397,389,"22303,96","-5805,0","7283,75","23782,71","23850,62","67,91","136,11",0
398,390,"23850,62","-5995,0","5452,54","23308,16","23314,16","6,0","191,44",0
399,391,"23314,16","-6035,0","3451,31","20730,47","20725,95","-4,52","119,81",0
400,392,"20725,95","-6495,0","9231,03","23461,98","23443,24","-18,74","87,2",0
401,393,"23443,24","-6325,0","4216,79","21335,03","21313,23","-21,8","26,52",0
402,394,"21313,23","-6265,0","6543,02","21591,25","21599,89","8,64","31,08",0
403,395,"21599,89","-5650,0","6566,35","22516,24","22475,61","-40,63","43,03",0
404,396,"22475,61","-6000,0","7361,64","23837,25","23940,16","102,91","101,5",0
405,397,"23940,16","-6140,0","5823,62","23623,78","23589,93","-33,85","115,97",0
406,398,"23589,93","-6050,0","2852,69","20392,62","20398,43","5,81","71,73",0
407,399,"20398,43","-6125,0","6505,57","20779,0","20821,53","42,53","46,35",0
408,400,"20821,53","-6110,0","7016,74","21728,27","21718,02","-10,25","30,1",0
409,401,"21718,02","-5870,0","5046,59","20894,61","20790,07","-104,54","-69,92",0
410,402,"20790,07","-5815,0","6035,47","21010,54","21024,37","13,83","-37,35",0
411,403,"21024,37","-5965,0","6714,99","21774,36","21777,38","3,02","-12,53",0
412,404,"21777,38","-6040,0","5976,66","21714,04","21666,95","-47,09","-68,26",0
413,405,"21666,95","-5770,0","4003,82","19900,77","19896,04","-4,73","-32,36",0
414,406,"19896,04","-6080,0","5925,77","19741,81","19819,59","77,78","-57,49",0
415,407,"19819,59","-6105,0","8280,96","21995,55","22044,72","49,17","25,53",0
416,408,"22044,72","-6125,0","6596,57","22516,29","22532,42","16,13","35,85",0
417,409,"22532,42","-5995,0","6602,08","23139,5","23163,96","24,46","17,78",0
418,410,"23163,96","-5670,0","4004,91","21498,87","21445,59","-53,28","-25,25",0
419,411,"21445,59","-5835,0","7356,88","22967,47","22964,97","-2,5","76,79",0
420,412,"22964,97","-6050,0","6336,97","23251,94","23327,92","75,98","138,94",0
421,413,"23327,92","-6460,0","6943,75","23811,67","23856,88","45,21","181,13",0
422,414,"23856,88","-6195,0","6694,31","24356,19","24360,92","4,73","232,95",0
423,415,"24360,92","-6180,0","2902,42","21083,34","21115,99","32,65","270,33",0
424,416,"21115,99","-5750,0","9515,95","24881,94","24833,86","-48,08","144,47",0
425,417,"24833,86","-6240,0","2899,12","21492,98","21464,05","-28,93","66,37",0
426,418,"21464,05","-6380,0","7316,27","22400,32","22465,98","65,66","115,9",0
427,419,"22465,98","-5980,0","6985,15","23471,13","23485,59","14,46","105,9",0
428,420,"23485,59","-6105,0","5559,34","22939,93","23036,83","96,9","256,08",0
429,421,"23036,83","-5950,0","6487,85","23574,68","23569,31","-5,37","253,21",0
430,422,"23569,31","-6380,0","5687,25","22876,56","22937,44","60,88","238,11",0
431,423,"22937,44","-5885,0","6750,28","23802,72","23876,04","73,32","266,22",0
432,424,"23876,04","-6030,0","2437,13","20283,17","20285,97","2,8","264,29",0
433,425,"20285,97","-6325,0","9961,04","23922,01","23987,01","65,0","296,64",0
434,426,"23987,01","-5825,0","3763,58","21925,59","21979,88","54,29","399,01",0
435,427,"21979,88","-5950,0","6652,93","22682,81","22688,75","5,94","433,88",0
436,428,"22688,75","-6155,0","6854,81","23388,56","23458,32","69,76","437,98",0
437,429,"23458,32","-6165,0","6058,53","23351,85","23413,84","61,99","485,51",0
438,430,"23413,84","-5840,0","5685,26","23259,1","23232,82","-26,28","362,33",0
439,431,"23232,82","-5930,0","6446,78","23749,6","23730,48","-19,12","348,58",0
440,432,"23730,48","-5715,0","4619,92","22635,4","22583,74","-51,66","236,04",0
441,433,"22583,74","-5980,0","4719,62","21323,36","21374,47","51,11","213,83",0
442,434,"21374,47","-5990,0","7917,03","23301,5","23317,04","15,54","226,57",0
443,435,"23317,04","-5910,0","3896,33","21303,37","21356,98","53,61","215,18",0
444,436,"21356,98","-6170,0","6967,85","22154,83","22109,87","-44,96","115,93",0
445,437,"22109,87","-5620,0","6140,63","22630,5","22629,97","-0,53","109,46",0
446,438,"22629,97","-5955,0","4102,36","20777,33","20861,22","83,89","123,59",0
447,439,"20861,22","-6250,0","9966,5","24577,72","24599,12","21,4","83,0",0
448,440,"24599,12","-6370,0","5509,5","23738,62","23599,68","-138,94","-29,66",0
449,441,"23599,68","-6010,0","4992,21","22581,89","22620,35","38,46","27,92",0
450,442,"22620,35","-6265,0","4060,1","20415,45","20554,61","139,16","218,74",0
451,443,"20554,61","-6035,0","6950,36","21469,97","21506,92","36,95","204,58",0
452,444,"21506,92","-6210,0","6031,83","21328,75","21320,01","-8,74","180,3",0
453,445,"21320,01","-6085,0","2996,6","18231,61","18221,0","-10,61","116,08",0
454,446,"18221,0","-6245,0","8039,04","20015,04","19969,28","-45,76","115,28",0
455,447,"19969,28","-5810,0","7039,39","21198,67","21148,82","-49,85","65,96",0
456,448,"21148,82","-6090,0","7402,43","22461,25","22480,54","19,29","1,36",0
457,449,"22480,54","-6095,0","5738,62","22124,16","22077,41","-46,75","-66,79",0
458,450,"22077,41","-6120,0","7202,74","23160,15","23199,02","38,87","111,02",0
459,451,"23199,02","-5970,0","6175,98","23405,0","23419,79","14,79","87,35",0
460,452,"23419,79","-6000,0","5982,06","23401,85","23431,18","29,33","-22,48",0
461,453,"23431,18","-6345,0","5745,01","22831,19","22875,03","43,84","-15,59",0
462,454,"22875,03","-6215,0","4050,59","20710,62","20689,73","-20,89","-27,74",0
463,455,"20689,73","-6275,0","6687,09","21101,82","21161,29","59,47","42,34",0
464,456,"21161,29","-6425,0","3519,9","18256,19","18283,62","27,43","115,53",0
465,457,"18283,62","-6135,0","6497,1","18645,72","18609,92","-35,8","129,58",0
466,458,"18609,92","-6255,0","6990,49","19345,41","19372,76","27,35","137,64",0
467,459,"19372,76","-6350,0","6020,98","19043,74","19002,25","-41,49","142,9",0
468,460,"19002,25","-5785,0","7071,6","20288,85","20247,02","-41,83","62,2",0
469,461,"20247,02","-6130,0","8067,61","22184,63","22108,78","-75,85","-28,44",0
470,462,"22108,78","-5900,0","3043,41","19252,19","19214,7","-37,49","-95,26",0
471,463,"19214,7","-5850,0","7938,68","21303,38","21360,28","56,9","-82,2",0
472,464,"21360,28","-5805,0","6976,43","22531,71","22566,06","34,35","-26,96",0
473,465,"22566,06","-6050,0","4362,37","20878,43","20908,26","29,83","-56,6",0
474,466,"20908,26","-6295,0","6939,7","21552,96","21615,3","62,34","-21,69",0
475,467,"21615,3","-6005,0","7565,74","23176,04","23075,17","-100,87","-86,76",0
476,468,"23075,17","-5910,0","5568,13","22733,3","22755,77","22,47","-91,64",0
477,469,"22755,77","-6290,0","5860,48","22326,25","22417,39","91,14","40,99",0
478,470,"22417,39","-6065,0","5790,54","22142,93","22146,56","3,63","86,45",0
479,471,"22146,56","-6120,0","8785,78","24812,34","24768,92","-43,42","118,88",0
480,472,"24768,92","-5870,0","3781,94","22680,86","22630,5","-50,36","106,01",0
481,473,"22630,5","-5870,0","3963,82","20724,32","20644,15","-80,17","-31,06",0
482,474,"20644,15","-5745,0","6563,76","21462,91","21480,83","17,92","-47,49",0
483,475,"21480,83","-6240,0","7115,06","22355,89","22356,73","0,84","-76,48",0
484,476,"22356,73","-5960,0","7890,36","24287,09","24399,7","112,61","-26,21",0
485,477,"24399,7","-6055,0","5014,82","23359,52","23319,62","-39,9","34,76",0
486,478,"23319,62","-6145,0","3418,86","20593,48","20630,61","37,13","49,42",0
487,479,"20630,61","-6060,0","7005,68","21576,29","21563,51","-12,78","-54,5",0
488,480,"21563,51","-6445,0","7037,01","22155,52","22210,19","54,67","-3,46",0
489,481,"22210,19","-5995,0","5789,53","22004,72","22022,92","18,2","58,16",0
490,482,"22022,92","-5955,0","7119,22","23187,14","23265,18","78,04","186,56",0
491,483,"23265,18","-5855,0","7614,17","25024,35","24921,49","-102,86","163,87",0
492,484,"24921,49","-6205,0","5098,53","23815,02","23793,03","-21,99","123,96",0
493,485,"23793,03","-6120,0","4832,96","22505,99","22367,42","-138,57","-15,45",0
494,486,"22367,42","-5970,0","6325,83","22723,25","22730,7","7,45","-120,61",0
495,487,"22730,7","-5905,0","6085,31","22911,01","22912,29","1,28","-79,43",0
496,488,"22912,29","-6370,0","6956,0","23498,29","23578,73","80,44","-36,12",0
497,489,"23578,73","-6100,0","6394,07","23872,8","23952,41","79,61","56,27",0
498,490,"23952,41","-6145,0","4448,68","22256,09","22271,28","15,19","16,79",0
499,491,"22271,28","-6145,0","6649,02","22775,3","22790,21","14,91","13,5",0
500,492,"22790,21","-6010,0","5429,48","22209,69","22260,31","50,62","-13,92",0
501,493,"22260,31","-5725,0","5965,68","22500,99","22526,16","25,17","114,11",0
502,494,"22526,16","-6680,0","6890,52","22736,68","22704,74","-31,94","104,16",0
503,495,"22704,74","-6135,0","6677,18","23246,92","23216,73","-30,19","212,54",0
504,496,"23216,73","-6110,0","5850,65","22957,38","22839,82","-117,56","87,53",1
505,497,"22839,82","-5960,0","6123,93","23003,75","22822,8","-180,95","-94,7",1
506,498,"22822,8","-5985,0","4119,31","20957,11","20750,14","-206,97","-382,11",1
507,499,"20750,14","-5895,0","7661,82","22516,96","22347,12","-169,84","-631,56",1
508,500,"22347,12","-6120,0","5540,93","21768,05","21591,28","-176,77","-823,52",1
509,501,"21591,28","-6385,0","8190,07","23396,35","23131,5","-264,85","-1103,28",1
510,502,"23131,5","-5930,0","2560,04","19761,54","19500,1","-261,44","-1415,34",1
511,503,"19500,1","-6065,0","6490,73","19925,83","19633,54","-292,29","-1732,8",1
512,504,"19633,54","-5875,0","6469,76","20228,3","20004,46","-223,84","-1924,7",1
513,505,"20004,46","-6115,0","7913,55","21803,01","21502,43","-300,58","-2195,09",1
514,506,"21502,43","-6155,0","3577,83","18925,26","18657,66","-267,6","-2345,13",1
515,507,"18657,66","-5765,0","7045,61","19938,27","19656,49","-281,78","-2445,96",1
516,508,"19656,49","-5920,0","4686,42","18422,91","18143,73","-279,18","-2518,17",1
517,509,"18143,73","-5930,0","7983,15","20196,88","19928,12","-268,76","-2617,09",1
518,510,"19928,12","-6060,0","3993,0","17861,12","17586,15","-274,97","-2715,29",1
519,511,"17586,15","-6145,0","5478,26","16919,41","16685,68","-233,73","-2684,17",1
520,512,"16685,68","-6090,0","9750,94","20346,62","20071,22","-275,4","-2698,13",1
521,513,"20071,22","-6110,0","4711,05","18672,27","18357,7","-314,57","-2720,41",1
522,514,"18357,7","-5935,0","3926,2","16348,9","16118,69","-230,21","-2726,78",1
523,515,"16118,69","-6225,0","7030,36","16924,05","16630,47","-293,58","-2719,78",1
524,516,"16630,47","-6240,0","7815,29","18205,76","18078,32","-127,44","-2579,62",1
525,517,"18078,32","-6035,0","3964,64","16007,96","15821,35","-186,61","-2484,45",1
526,518,"15821,35","-5985,0","7038,19","16874,54","16628,89","-245,65","-2450,92",1
527,519,"16628,89","-5690,0","4577,22","15516,11","15163,5","-352,61","-2534,77",1
528,520,"15163,5","-6130,0","8532,07","17565,57","17354,11","-211,46","-2471,26",1
529,521,"17354,11","-5995,0","5306,78","16665,89","16416,23","-249,66","-2487,19",1
530,522,"16416,23","-5760,0","5214,3","15870,53","15647,13","-223,4","-2435,19",1
531,523,"15647,13","-6125,0","7177,03","16699,16","16436,72","-262,44","-2383,06",1
532,524,"16436,72","-5740,0","6329,58","17026,3","16748,35","-277,95","-2430,8",1
533,525,"16748,35","-5745,0","5895,52","16898,87","16704,96","-193,91","-2331,13",1
534,526,"16704,96","-6045,0","4066,86","14726,82","14439,76","-287,06","-2490,75",1
535,527,"14439,76","-6110,0","6982,37","15312,13","15106,65","-205,48","-2509,62",1
536,528,"15106,65","-6015,0","4187,16","13278,81","13023,21","-255,6","-2519,57",1
537,529,"13023,21","-5845,0","6830,69","14008,9","13813,64","-195,26","-2362,22",1
538,530,"13813,64","-5760,0","3943,0","11996,64","11880,95","-115,69","-2266,45",1
539,531,"11880,95","-5970,0","6986,64","12897,59","12653,63","-243,96","-2260,75",1
540,532,"12653,63","-6025,0","6953,59","13582,22","13436,07","-146,15","-2183,5",1
541,533,"13436,07","-5935,0","6164,78","13665,85","13461,32","-204,53","-2125,59",1
542,534,"13461,32","-6020,0","6563,29","14004,61","13837,28","-167,33","-2014,97",1
543,535,"13837,28","-6350,0","6606,32","14093,6","13997,37","-96,23","-1917,29",1
544,536,"13997,37","-6060,0","6323,14","14260,51","14060,02","-200,49","-1830,72",1
545,537,"14060,02","-6140,0","4221,45","12141,47","11888,17","-253,3","-1878,54",1
546,538,"11888,17","-6135,0","6505,72","12258,89","12077,48","-181,41","-1804,35",1
547,539,"12077,48","-5895,0","7046,68","13229,16","13048,27","-180,89","-1789,98",1
548,540,"13048,27","-5665,0","3349,99","10733,26","10586,5","-146,76","-1821,05",1
549,541,"10586,5","-6055,0","6488,63","11020,13","10772,49","-247,64","-1824,73",1
550,542,"10772,49","-5960,0","7406,31","12218,8","11948,35","-270,45","-1949,03",1
551,543,"11948,35","-5770,0","3871,15","10049,5","9831,71","-217,79","-1962,29",1
552,544,"9831,71","-6275,0","6858,71","10415,42","10348,35","-67,07","-1862,03",1
553,545,"10348,35","-5940,0","6455,59","10863,94","10703,51","-160,43","-1926,23",1
554,546,"10703,51","-6465,0","5416,38","9654,89","9390,77","-264,12","-1989,86",1
555,547,"9390,77","-5835,0","6115,11","9670,88","9380,32","-290,56","-2027,12",1
556,548,"9380,32","-6020,0","7785,33","11145,65","10986,26","-159,39","-2005,1",1
557,549,"10986,26","-5825,0","6982,6","12143,86","11989,15","-154,71","-1978,92",1
558,550,"11989,15","-5990,0","5754,6","11753,75","11599,08","-154,67","-1986,83",1
559,551,"11599,08","-5830,0","3334,99","9104,07","8841,49","-262,58","-2001,77",1
560,552,"8841,49","-6185,0","6626,41","9282,9","9117,02","-165,88","-1897,2",1
561,553,"9117,02","-5970,0","6600,96","9747,98","9564,04","-183,94","-1863,35",1
562,554,"9564,04","-6245,0","3835,92","7154,96","7069,03","-85,93","-1882,21",1
563,555,"7069,03","-6160,0","6567,44","7476,47","7370,11","-106,36","-1828,14",1
564,556,"7370,11","-6275,0","10307,21","11402,32","11267,82","-134,5","-1698,52",1
565,557,"11267,82","-5775,0","2148,19","7641,01","7433,06","-207,95","-1615,91",1
566,558,"7433,06","-6090,0","7317,23","8660,29","8540,34","-119,95","-1576,47",1
567,559,"8540,34","-6125,0","6998,04","9413,38","9261,89","-151,49","-1573,25",1
568,560,"9261,89","-6200,0","4204,8","7266,69","7091,12","-175,57","-1594,15",1
569,561,"7091,12","-6195,0","6388,5","7284,62","7158,43","-126,19","-1457,76",1
570,562,"7158,43","-5850,0","6339,34","7647,77","7578,33","-69,44","-1361,32",1
571,563,"7578,33","-6155,0","6651,88","8075,21","7920,0","-155,21","-1332,59",1
572,564,"7920,0","-6000,0","5969,21","7889,21","7697,42","-191,79","-1438,45",1
573,565,"7697,42","-6095,0","6641,84","8244,26","8009,24","-235,02","-1567,11",1
574,566,"8009,24","-6135,0","6014,41","7888,65","7727,01","-161,64","-1594,25",1
575,567,"7727,01","-6145,0","6244,1","7826,11","7574,44","-251,67","-1637,97",1
576,568,"7574,44","-5755,0","5067,14","6886,58","6697,2","-189,38","-1707,4",1
577,569,"6697,2","-6295,0","4932,0","5334,2","5195,38","-138,82","-1694,73",1
578,570,"5195,38","-5915,0","7454,74","6735,12","6570,49","-164,63","-1683,79",1
579,571,"6570,49","-6025,0","5739,16","6284,65","6246,95","-37,7","-1595,3",1
580,572,"6246,95","-5740,0","6671,23","7178,18","7055,14","-123,04","-1648,9",1
581,573,"7055,14","-6165,0","5795,53","6685,67","6494,77","-190,9","-1684,59",1
582,574,"6494,77","-6170,0","6549,27","6874,04","6701,11","-172,93","-1665,73",1
583,575,"6701,11","-5855,0","4617,04","5463,15","5294,93","-168,22","-1598,93",1
584,576,"5294,93","-6180,0","5260,88","4375,81","4214,18","-161,63","-1598,92",1
585,577,"4214,18","-5940,0","6882,27","5156,45","5163,46","7,01","-1340,24",1
586,578,"5163,46","-6350,0","7457,18","6270,64","6160,93","-109,71","-1260,57",1
587,579,"6160,93","-5865,0","3392,75","3688,68","3615,91","-72,77","-1194,52",1
588,580,"3615,91","-5540,0","7546,02","5621,93","5535,11","-86,82","-1116,71",1
589,581,"5535,11","-5970,0","5921,85","5486,96","5289,4","-197,56","-1276,57",1
590,582,"5289,4","-5770,0","3255,29","2774,69","2652,89","-121,8","-1275,33",1
591,583,"2652,89","-6540,0","10561,49","6674,38","6399,99","-274,39","-1358,82",1
592,584,"6399,99","-6185,0","3489,5","3704,49","3593,16","-111,33","-1297,22",1
593,585,"3593,16","-5910,0","6512,53","4195,69","4102,98","-92,71","-1221,71",1
594,586,"4102,98","-6440,0","5734,24","3397,22","3364,8","-32,42","-1092,5",1
595,587,"3364,8","-5835,0","6490,92","4020,72","3897,23","-123,49","-1223,0",1
596,588,"3897,23","-6005,0","7487,99","5380,22","5215,52","-164,7","-1277,99",1
597,589,"5215,52","-6100,0","5064,61","4180,13","4057,82","-122,31","-1327,53",1
598,590,"4057,82","-6190,0","6773,82","4641,64","4544,22","-97,42","-1338,13",1
599,591,"4544,22","-6020,0","5724,11","4248,33","4222,92","-25,41","-1165,98",1
600,592,"4222,92","-5945,0","4628,17","2906,09","2930,54","24,45","-1019,73",1
601,593,"2930,54","-5765,0","5682,17","2847,71","2765,5","-82,21","-827,55",1
602,594,"2765,5","-5880,0","6212,37","3097,87","3044,59","-53,28","-769,5",1
603,595,"3044,59","-5960,0","2976,57","61,16","32,82","-28,34","-705,13",1
604,596,"32,82","-5498,68","5930,0","464,14","478,79","14,65","-658,06",1
605,597,"478,79","-4523,5","6876,34","2831,63","2899,64","68,01","-466,56",1
606,598,"2899,64","-5986,48","7888,34","4801,5","4866,4","64,9","-236,96",1
607,599,"4866,4","-6400,0","3230,75","1697,15","1566,93","-130,22","-244,87",1
608,600,"1566,93","-5835,0","7461,97","3193,9","3018,56","-175,34","-322,79",1
609,601,"3018,56","-5925,0","7852,67","4946,23","4827,6","-118,63","-416,01",1
610,602,"4827,6","-6210,0","5027,07","3644,67","3549,87","-94,8","-535,26",1
611,603,"3549,87","-5965,0","4828,99","2413,86","2284,08","-129,78","-582,83",1
612,604,"2284,08","-6165,0","7973,14","4092,22","4018,97","-73,25","-602,8",1
613,605,"4018,97","-5685,0","5231,19","3565,16","3504,22","-60,94","-635,4",1
614,606,"3504,22","-5890,0","6334,45","3948,67","3755,27","-193,4","-843,45",1
615,607,"3755,27","-6345,0","6771,36","4181,63","4021,56","-160,07","-1071,53",1
616,608,"4021,56","-6030,0","2224,11","215,67","146,64","-69,03","-1205,46",1
617,609,"146,64","-5673,08","6992,87","1466,43","1399,38","-67,05","-1142,29",1
618,610,"1399,38","-5890,0","5985,39","1494,77","1423,75","-71,02","-1037,97",1
619,611,"1423,75","-5715,0","6536,32","2245,07","2182,23","-62,84","-982,18",1
620,612,"2182,23","-5945,0","6206,61","2443,84","2398,74","-45,1","-932,48",1
621,613,"2398,74","-5679,16","3280,32","-0,1","7,04","7,14","-795,56",1
622,614,"7,04","-5125,38","7570,66","2452,32","2405,93","-46,39","-768,7",1
623,615,"2405,93","-4801,71","3988,71","1592,93","1576,93","-16,0","-723,76",1
624,616,"1576,93","-6035,0","5891,11","1433,04","1420,21","-12,83","-543,19",1
625,617,"1420,21","-5775,0","5699,48","1344,69","1344,03","-0,66","-383,78",1
626,618,"1344,03","-5666,22","5900,53","1578,34","1478,53","-99,81","-414,56",1
627,619,"1478,53","-5575,0","6652,41","2555,94","2493,54","-62,4","-409,91",1
628,620,"2493,54","-4869,92","3962,13","1585,75","1400,45","-185,3","-524,19",1
629,621,"1400,45","-6081,72","4620,28","-60,99","9,81","70,8","-390,55",1
630,622,"9,81","-5290,0","6324,0","1043,81","1062,13","18,32","-327,13",1
631,623,"1062,13","-6094,61","5661,69","629,21","585,63","-43,58","-377,85",1
632,624,"585,63","-5218,52","7324,89","2692,0","2604,71","-87,29","-418,75",1
633,625,"2604,71","-5795,0","3456,68","266,39","142,67","-123,72","-526,47",1
634,626,"142,67","-6098,92","7802,32","1846,07","1719,23","-126,84","-640,48",1
635,627,"1719,23","-5795,0","4540,84","465,07","315,42","-149,65","-789,47",1
636,628,"315,42","-4270,88","5137,32","1181,86","1167,17","-14,69","-704,35",1
637,629,"1167,17","-5801,64","4660,13","25,66","1,44","-24,22","-666,17",1
638,630,"1,44","-5040,0","6263,46","1224,9","1247,63","22,73","-458,14",1
639,631,"1247,63","-5366,62","5710,03","1591,04","1437,6","-153,44","-682,38",1
640,632,"1437,6","-4860,92","4592,11","1168,79","1141,45","-27,34","-728,04",1
641,633,"1141,45","-4813,93","6567,08","2894,6","2787,41","-107,19","-791,65",1
642,634,"2787,41","-4461,56","4006,75","2332,6","2278,96","-53,64","-758,0",1
643,635,"2278,96","-4855,56","2743,73","167,13","89,53","-77,6","-711,88",1
644,636,"89,53","-4817,98","5532,65","804,2","723,02","-81,18","-666,22",1
645,637,"723,02","-4635,1","3977,28","65,2","13,97","-51,23","-567,8",1
646,638,"13,97","-4918,68","6528,39","1623,68","1557,3","-66,38","-619,49",1
647,639,"1557,3","-5955,0","5730,57","1332,87","1218,0","-114,87","-710,14",1
648,640,"1218,0","-4129,12","3319,88","408,76","375,98","-32,78","-765,65",1
649,641,"375,98","-3635,16","4061,13","801,95","756,69","-45,26","-657,47",1
650,642,"756,69","-6285,39","6667,58","1138,88","1125,06","-13,82","-643,95",1
651,643,"1125,06","-4435,85","4821,62","1510,83","1462,9","-47,93","-584,69",1
652,644,"1462,9","-5338,28","4810,88","935,5","958,94","23,44","-507,61",1
653,645,"958,94","-3988,04","3675,63","646,53","657,33","10,8","-419,21",1
654,646,"657,33","-3096,69","2445,28","5,92","8,38","2,46","-335,57",1
655,647,"8,38","-3090,5","3035,68","-46,44","5,55","51,99","-232,35",1
656,648,"5,55","-5725,0","6018,89","299,44","216,27","-83,17","-249,14",1
657,649,"216,27","-4452,6","4800,89","564,56","470,9","-93,66","-227,93",1
658,650,"470,9","-3461,44","2945,99","-44,55","10,31","54,86","-140,29",1
659,651,"10,31","-4736,87","4755,34","28,78","6,51","-22,27","-117,3",1
660,652,"6,51","-4397,87","6499,59","2108,23","2163,17","54,94","-48,54",1
661,653,"2163,17","-3794,59","3800,35","2168,93","2157,44","-11,49","-12,1",1
662,654,"2157,44","-4600,15","3361,33","918,62","816,6","-102,02","-137,56",1
663,655,"816,6","-3998,77","4013,81","831,64","774,11","-57,53","-205,89",1
664,656,"774,11","-3386,47","2612,92","0,56","10,41","9,85","-198,5",1
665,657,"10,41","-4822,57","4974,46","162,3","171,14","8,84","-241,65",1
666,658,"171,14","-4188,64","5624,34","1606,84","1551,48","-55,36","-213,84",1
667,659,"1551,48","-4019,97","3404,25","935,76","905,49","-30,27","-150,45",1
668,660,"905,49","-4628,18","5628,94","1906,25","1900,88","-5,37","-210,68",1
669,661,"1900,88","-1875,08","0,0","25,8","16,77","-9,03","-197,44",1
670,662,"16,77","-0,0","0,0","16,77","22,57","5,8","-246,58",1
671,663,"22,57","-0,0","0,0","22,57","7,2","-15,37","-250,46",1
672,664,"7,2","-0,0","0,0","7,2","8,96","1,76","-146,68",1
673,665,"8,96","-0,0","0,0","8,96","3,74","-5,22","-94,37",1
674,666,"3,74","-0,0","0,0","3,74","14,13","10,39","-93,83",1
675,667,"14,13","-0,0","0,0","14,13","9,27","-4,86","-107,53",1
676,668,"9,27","-0,0","0,0","9,27","0,08","-9,19","-61,36",1
677,669,"0,08","-0,0","0,0","0,08","2,66","2,58","-28,51",1
678,670,"2,66","-0,0","0,0","2,66","5,25","2,59","-20,55",1
679,671,"5,25","-0,0","0,0","5,25","0,1","-5,15","-16,67",1
680,672,"0,1","-0,0","0,0","0,1","4,66","4,56","-17,91",1
681,673,"4,66","-0,0","0,0","4,66","10,66","6,0","3,46",1
682,674,"10,66","-0,0","0,0","10,66","9,96","-0,7","1,0",1
683,675,"9,96","-0,0","0,0","9,96","7,16","-2,8","3,42",1
684,676,"7,16","-0,0","0,0","7,16","17,18","10,02","3,05",1
685,677,"17,18","-0,0","0,0","17,18","9,23","-7,95","-0,04",1
686,678,"9,23","-0,0","0,0","9,23","8,29","-0,94","8,21",1
687,679,"8,29","-0,0","0,0","8,29","1,69","-6,6","-0,97",1
688,680,"1,69","-0,0","0,0","1,69","0,39","-1,3","-4,86",1
689,681,"0,39","-0,0","0,0","0,39","4,87","4,48","4,77",1
690,682,"4,87","-0,0","0,0","4,87","0,67","-4,2","-3,99",1
691,683,"0,67","-0,0","0,0","0,67","14,62","13,95","3,96",1
692,684,"14,62","-0,0","0,0","14,62","9,86","-4,76","-0,1",1
693,685,"9,86","-0,0","0,0","9,86","9,33","-0,53","2,17",1
694,686,"9,33","-0,0","0,0","9,33","1,3","-8,03","-15,88",1
695,687,"1,3","-0,0","0,0","1,3","0,39","-0,91","-8,84",1
696,688,"0,39","-0,0","0,0","0,39","4,05","3,66","-4,24",1
697,689,"4,05","-0,0","0,0","4,05","0,88","-3,17","-0,81",1
698,690,"0,88","-0,0","0,0","0,88","10,5","9,62","10,11",1
699,691,"10,5","-0,0","0,0","10,5","4,76","-5,74","-0,11",1
700,692,"4,76","-0,0","0,0","4,76","18,11","13,35","17,44",1
701,693,"18,11","-0,0","0,0","18,11","7,06","-11,05","-7,56",1
702,694,"7,06","-0,0","0,0","7,06","3,16","-3,9","-6,7",1
703,695,"3,16","-0,0","0,0","3,16","10,82","7,66","1,49",1
704,696,"10,82","-0,0","0,0","10,82","9,02","-1,8","7,72",1
705,697,"9,02","-0,0","0,0","9,02","11,36","2,34","10,97",1
706,698,"11,36","-0,0","0,0","11,36","22,11","10,75","18,06",1
707,699,"22,11","-0,0","0,0","22,11","16,27","-5,84","15,39",1
708,700,"16,27","-0,0","0,0","16,27","5,2","-11,07","-5,3",1
709,701,"5,2","-0,0","0,0","5,2","6,19","0,99","1,43",1
710,702,"6,19","-0,0","0,0","6,19","6,61","0,42","-11,5",1
711,703,"6,61","-0,0","0,0","6,61","4,31","-2,3","-2,75",1
712,704,"4,31","-0,0","0,0","4,31","0,18","-4,13","-2,98",1
713,705,"0,18","-0,0","0,0","0,18","5,68","5,5","-5,14",1
714,706,"5,68","-0,0","0,0","5,68","10,85","5,17","1,83",1
715,707,"10,85","-0,0","0,0","10,85","19,84","8,99","8,48",1
716,708,"19,84","-0,0","0,0","19,84","14,52","-5,32","-7,59",1
717,709,"14,52","-0,0","0,0","14,52","12,14","-2,38","-4,13",1
718,710,"12,14","-0,0","0,0","12,14","18,62","6,48","13,42",1
719,711,"18,62","-0,0","0,0","18,62","3,11","-15,51","-3,08",1
720,712,"3,11","-0,0","0,0","3,11","2,13","-0,98","-4,48",1
721,713,"2,13","-0,0","0,0","2,13","11,38","9,25","7,07",1
722,714,"11,38","-0,0","0,0","11,38","4,8","-6,58","4,62",1
723,715,"4,8","-0,0","0,0","4,8","21,86","17,06","16,18",1
724,716,"21,86","-0,0","0,0","21,86","10,09","-11,77","-0,76",1
725,717,"10,09","-0,0","0,0","10,09","3,79","-6,3","-16,05",1
726,718,"3,79","-0,0","0,0","3,79","1,74","-2,05","-12,78",1
727,719,"1,74","-0,0","0,0","1,74","12,01","10,27","-0,13",1
728,720,"12,01","-0,0","0,0","12,01","12,11","0,1","-6,51",1
729,721,"12,11","-0,0","0,0","12,11","1,05","-11,06","-2,06",1
730,722,"1,05","-0,0","0,0","1,05","8,82","7,77","6,69",1
731,723,"8,82","-0,0","0,0","8,82","8,63","-0,19","-2,75",1
732,724,"8,63","-0,0","0,0","8,63","14,81","6,18","10,01",1
733,725,"14,81","-0,0","0,0","14,81","0,92","-13,89","-20,94",1
734,726,"0,92","-0,0","0,0","0,92","1,58","0,66","-8,51",1
735,727,"1,58","-0,0","0,0","1,58","3,65","2,07","-0,14",1
736,728,"3,65","-0,0","0,0","3,65","5,81","2,16","4,07",1
737,729,"5,81","-0,0","0,0","5,81","5,88","0,07","-6,13",1
738,730,"5,88","-0,0","0,0","5,88","5,09","-0,79","-7,02",1
739,731,"5,09","-0,0","0,0","5,09","0,45","-4,64","-0,6",1
740,732,"0,45","-0,0","0,0","0,45","6,98","6,53","-1,84",1
741,733,"6,98","-0,0","0,0","6,98","13,28","6,3","4,65",1
742,734,"13,28","-0,0","0,0","13,28","10,49","-2,79","-4,32",1
743,735,"10,49","-0,0","0,0","10,49","13,01","2,52","12,09",1
744,736,"13,01","-0,0","0,0","13,01","15,21","2,2","13,63",1
745,737,"15,21","-0,0","0,0","15,21","17,65","2,44","14,0",1
746,738,"17,65","-0,0","0,0","17,65","2,63","-15,02","-3,18",1
747,739,"2,63","-0,0","0,0","2,63","12,18","9,55","6,3",1
748,740,"12,18","-0,0","0,0","12,18","0,63","-11,55","-4,46",1
749,741,"0,63","-0,0","0,0","0,63","6,58","5,95","6,13",1
750,742,"6,58","-0,0","0,0","6,58","10,9","4,32","3,92",1
751,743,"10,9","-0,0","0,0","10,9","1,55","-9,35","-11,73",1
752,744,"1,55","-0,0","0,0","1,55","0,03","-1,52","-10,46",1
753,745,"0,03","-0,0","0,0","0,03","0,66","0,63","-12,35",1
754,746,"0,66","-0,0","0,0","0,66","17,61","16,95","2,4",1
755,747,"17,61","-0,0","0,0","17,61","3,13","-14,48","-14,52",1
756,748,"3,13","-0,0","0,0","3,13","7,14","4,01","4,51",1
757,749,"7,14","-0,0","0,0","7,14","0,65","-6,49","-11,53",1
758,750,"0,65","-0,0","0,0","0,65","3,72","3,07","3,09",1
759,751,"3,72","-0,0","0,0","3,72","14,64","10,92","8,06",1
760,752,"14,64","-0,0","0,0","14,64","2,6","-12,04","-8,3",1
761,753,"2,6","-0,0","0,0","2,6","25,33","22,73","23,78",1
762,754,"25,33","-0,0","0,0","25,33","12,07","-13,26","12,04",1
763,755,"12,07","-0,0","0,0","12,07","5,33","-6,74","4,67",1
764,756,"5,33","-0,0","0,0","5,33","5,83","0,5","-11,78",1
765,757,"5,83","-0,0","0,0","5,83","9,97","4,14","6,84",1
766,758,"9,97","-0,0","0,0","9,97","1,8","-8,17","-5,34",1
767,759,"1,8","-0,0","0,0","1,8","13,17","11,37","12,52",1
768,760,"13,17","-0,0","0,0","13,17","6,1","-7,07","2,38",1
769,761,"6,1","-0,0","0,0","6,1","11,41","5,31","-3,23",1
770,762,"11,41","-0,0","0,0","11,41","0,78","-10,63","-1,82",1
771,763,"0,78","-0,0","0,0","0,78","6,14","5,36","-19,19",1
772,764,"6,14","-0,0","0,0","6,14","0,81","-5,33","-11,26",1
773,765,"0,81","-0,0","0,0","0,81","2,37","1,56","-2,96",1
774,766,"2,37","-0,0","0,0","2,37","3,64","1,27","-2,19",1
775,767,"3,64","-0,0","0,0","3,64","4,29","0,65","-5,68",1
776,768,"4,29","-0,0","0,0","4,29","7,64","3,35","5,84",1
777,769,"7,64","-0,0","0,0","7,64","11,44","3,8","-1,73",1
778,770,"11,44","-0,0","0,0","11,44","5,75","-5,69","-0,35",1
779,771,"5,75","-0,0","0,0","5,75","5,31","-0,44","-6,1",1
780,772,"5,31","-0,0","0,0","5,31","16,75","11,44","15,97",1
781,773,"16,75","-0,0","0,0","16,75","2,51","-14,24","-3,63",1
782,774,"2,51","-0,0","0,0","2,51","21,28","18,77","20,47",1
783,775,"21,28","-0,0","0,0","21,28","1,21","-20,07","-1,16",1
784,776,"1,21","-0,0","0,0","1,21","4,76","3,55","1,12",1
785,777,"4,76","-0,0","0,0","4,76","6,14","1,38","1,85",1
786,778,"6,14","-0,0","0,0","6,14","20,09","13,95","12,45",1
787,779,"20,09","-0,0","0,0","20,09","14,11","-5,98","2,67",1
788,780,"14,11","-0,0","0,0","14,11","11,01","-3,1","5,26",1
789,781,"11,01","-0,0","0,0","11,01","5,59","-5,42","0,28",1
790,782,"5,59","-0,0","0,0","5,59","16,65","11,06","-0,1",1
791,783,"16,65","-0,0","0,0","16,65","2,34","-14,31","-0,17",1
792,784,"2,34","-0,0","0,0","2,34","3,97","1,63","-17,31",1
793,785,"3,97","-0,0","0,0","3,97","0,69","-3,28","-0,52",1
794,786,"0,69","-0,0","0,0","0,69","10,99","10,3","6,23",1
795,787,"10,99","-0,0","0,0","10,99","6,73","-4,26","0,59",1
796,788,"6,73","-0,0","0,0","6,73","5,77","-0,96","-14,32",1
797,789,"5,77","-0,0","0,0","5,77","15,2","9,43","1,09",1
798,790,"15,2","-0,0","0,0","15,2","22,49","7,29","11,48",1
799,791,"22,49","-0,0","0,0","22,49","4,69","-17,8","-0,9",1
800,792,"4,69","-0,0","0,0","4,69","7,51","2,82","-9,14",1
801,793,"7,51","-0,0","0,0","7,51","1,96","-5,55","-0,38",1
802,794,"1,96","-0,0","0,0","1,96","1,65","-0,31","-2,32",1
803,795,"1,65","-0,0","0,0","1,65","14,29","12,64","13,6",1
804,796,"14,29","-0,0","0,0","14,29","1,77","-12,52","-9,22",1
805,797,"1,77","-0,0","0,0","1,77","2,53","0,76","-4,2",1
806,798,"2,53","-0,0","0,0","2,53","23,6","21,07","17,83",1
807,799,"23,6","-0,0","0,0","23,6","18,05","-5,55","2,85",1
808,800,"18,05","-0,0","0,0","18,05","25,52","7,47","3,03",1
809,801,"25,52","-0,0","0,0","25,52","10,59","-14,93","5,9",1
810,802,"10,59","-0,0","0,0","10,59","3,41","-7,18","-4,1",1
811,803,"3,41","-0,0","0,0","3,41","26,36","22,95","24,4",1
812,804,"26,36","-0,0","0,0","26,36","19,9","-6,46","18,25",1
813,805,"19,9","-0,0","0,0","19,9","8,83","-11,07","-5,46",1
814,806,"8,83","-0,0","0,0","8,83","17,9","9,07","16,13",1
815,807,"17,9","-0,0","0,0","17,9","5,96","-11,94","3,43",1
816,808,"5,96","-0,0","0,0","5,96","7,15","1,19","-16,45",1
817,809,"7,15","-0,0","0,0","7,15","4,57","-2,58","-13,48",1
818,810,"4,57","-0,0","0,0","4,57","10,01","5,44","-15,51",1
819,811,"10,01","-0,0","0,0","10,01","7,52","-2,49","-3,07",1
820,812,"7,52","-0,0","0,0","7,52","9,66","2,14","6,25",1
821,813,"9,66","-0,0","0,0","9,66","9,85","0,19","-16,51",1
822,814,"9,85","-0,0","0,0","9,85","6,39","-3,46","-13,51",1
823,815,"6,39","-0,0","0,0","6,39","1,27","-5,12","-7,56",1
824,816,"1,27","-0,0","0,0","1,27","4,59","3,32","-13,31",1
825,817,"4,59","-0,0","0,0","4,59","2,43","-2,16","-3,53",1
826,818,"2,43","-0,0","0,0","2,43","8,63","6,2","1,48",1
827,819,"8,63","-0,0","0,0","8,63","4,67","-3,96","0,1",1
828,820,"4,67","-0,0","0,0","4,67","2,95","-1,72","-7,06",1
829,821,"2,95","-0,0","0,0","2,95","14,53","11,58","7,01",1
830,822,"14,53","-0,0","0,0","14,53","0,8","-13,73","-8,86",1
831,823,"0,8","-0,0","0,0","0,8","9,0","8,2","-0,85",1
832,824,"9,0","-0,0","0,0","9,0","18,66","9,66","12,27",1
833,825,"18,66","-0,0","0,0","18,66","6,45","-12,21","5,18",1
834,826,"6,45","-0,0","0,0","6,45","18,26","11,81","13,67",1
835,827,"18,26","-0,0","0,0","18,26","0,75","-17,51","-1,68",1
836,828,"0,75","-0,0","0,0","0,75","15,18","14,43","6,55",1
837,829,"15,18","-0,0","0,0","15,18","4,84","-10,34","0,17",1
838,830,"4,84","-0,0","0,0","4,84","20,25","15,41","17,3",1
839,831,"20,25","-0,0","0,0","20,25","0,91","-19,34","-13,62",1
840,832,"0,91","-0,0","0,0","0,91","1,16","0,25","0,36",1
841,833,"1,16","-0,0","0,0","1,16","13,52","12,36","4,52",1
842,834,"13,52","-0,0","0,0","13,52","7,85","-5,67","-10,81",1
843,835,"7,85","-0,0","0,0","7,85","10,46","2,61","4,01",1
844,836,"10,46","-0,0","0,0","10,46","0,2","-10,26","-18,06",1
845,837,"0,2","-0,0","0,0","0,2","6,35","6,15","5,6",1
846,838,"6,35","-0,0","0,0","6,35","8,66","2,31","-6,52",1
847,839,"8,66","-0,0","0,0","8,66","7,12","-1,54","2,28",1
848,840,"7,12","-0,0","0,0","7,12","16,43","9,31","-3,82",1
849,841,"16,43","-0,0","0,0","16,43","10,27","-6,16","9,36",1
850,842,"10,27","-0,0","0,0","10,27","7,92","-2,35","6,76",1
851,843,"7,92","-0,0","0,0","7,92","5,07","-2,85","-8,45",1
852,844,"5,07","-0,0","0,0","5,07","15,59","10,52","7,74",1
853,845,"15,59","-0,0","0,0","15,59","4,95","-10,64","-5,51",1
854,846,"4,95","-0,0","0,0","4,95","0,32","-4,63","0,12",1
855,847,"0,32","-0,0","0,0","0,32","0,33","0,01","-6,02",1
856,848,"0,33","-0,0","0,0","0,33","4,41","4,08","-4,25",1
857,849,"4,41","-0,0","0,0","4,41","17,22","12,81","10,1",1
858,850,"17,22","-0,0","0,0","17,22","17,71","0,49","1,28",1
859,851,"17,71","-0,0","0,0","17,71","2,63","-15,08","-7,64",1
860,852,"2,63","-0,0","0,0","2,63","21,41","18,78","13,49",1
861,853,"21,41","-0,0","0,0","21,41","17,2","-4,21","12,13",1
862,854,"17,2","-0,0","0,0","17,2","0,04","-17,16","-15,55",1
863,855,"0,04","-0,0","0,0","0,04","1,25","1,21","-3,7",1
864,856,"1,25","-0,0","0,0","1,25","2,34","1,09","2,02",1
865,857,"2,34","-0,0","0,0","2,34","2,9","0,56","2,57",1
866,858,"2,9","-0,0","0,0","2,9","4,09","1,19","-0,32",1
867,859,"4,09","-0,0","0,0","4,09","0,86","-3,23","-16,36",1
868,860,"0,86","-0,0","0,0","0,86","10,02","9,16","-7,69",1
869,861,"10,02","-0,0","0,0","10,02","1,87","-8,15","-0,76",1
870,862,"1,87","-0,0","0,0","1,87","3,23","1,36","-18,18",1
871,863,"3,23","-0,0","0,0","3,23","0,23","-3,0","-16,97",1
872,864,"0,23","-0,0","0,0","0,23","17,49","17,26","17,45",1
873,865,"17,49","-0,0","0,0","17,49","5,78","-11,71","4,53",1
874,866,"5,78","-0,0","0,0","5,78","11,26","5,48","8,92",1
875,867,"11,26","-0,0","0,0","11,26","0,9","-10,36","-2,0",1
876,868,"0,9","-0,0","0,0","0,9","17,68","16,78","13,59",1
877,869,"17,68","-0,0","0,0","17,68","1,41","-16,27","0,55",1
878,870,"1,41","-0,0","0,0","1,41","1,17","-0,24","-8,85",1
879,871,"1,17","-0,0","0,0","1,17","1,26","0,09","-0,61",1
880,872,"1,26","-0,0","0,0","1,26","2,06","0,8","-1,17",1
881,873,"2,06","-0,0","0,0","2,06","2,31","0,25","2,08",1
882,874,"2,31","-0,0","0,0","2,31","15,01","12,7","-2,48",1
883,875,"15,01","-0,0","0,0","15,01","8,12","-6,89","2,34",1
884,876,"8,12","-0,0","0,0","8,12","4,98","-3,14","-6,28",1
885,877,"4,98","-0,0","0,0","4,98","9,63","4,65","8,73",1
886,878,"9,63","-0,0","0,0","9,63","13,73","4,1","-3,95",1
887,879,"13,73","-0,0","0,0","13,73","12,79","-0,94","11,38",1
888,880,"12,79","-0,0","0,0","12,79","23,44","10,65","22,27",1
889,881,"23,44","-0,0","0,0","23,44","16,43","-7,01","15,17",1
890,882,"16,43","-0,0","0,0","16,43","5,97","-10,46","3,91",1
891,883,"5,97","-0,0","0,0","5,97","0,31","-5,66","-2,0",1
892,884,"0,31","-0,0","0,0","0,31","6,16","5,85","-8,85",1
893,885,"6,16","-0,0","0,0","6,16","27,54","21,38","19,42",1
894,886,"27,54","-0,0","0,0","27,54","10,29","-17,25","5,31",1
895,887,"10,29","-0,0","0,0","10,29","6,03","-4,26","-3,6",1
896,888,"6,03","-0,0","0,0","6,03","16,59","10,56","2,86",1
897,889,"16,59","-0,0","0,0","16,59","6,88","-9,71","-5,91",1
898,890,"6,88","-0,0","0,0","6,88","19,48","12,6","-3,96",1
899,891,"19,48","-0,0","0,0","19,48","6,97","-12,51","-9,46",1
900,892,"6,97","-0,0","0,0","6,97","6,96","-0,01","0,99",1
901,893,"6,96","-0,0","0,0","6,96","0,87","-6,09","0,56",1
902,894,"0,87","-0,0","0,0","0,87","8,85","7,98","2,69",1
903,895,"8,85","-0,0","0,0","8,85","1,46","-7,39","-26,08",1
904,896,"1,46","-0,0","0,0","1,46","4,5","3,04","-5,79",1
905,897,"4,5","-0,0","0,0","4,5","1,76","-2,74","-4,27",1
906,898,"1,76","-0,0","0,0","1,76","18,39","16,63","1,8",1
907,899,"18,39","-0,0","0,0","18,39","9,6","-8,79","2,72",1
908,900,"9,6","-0,0","0,0","9,6","12,53","2,93","-6,95",1
909,901,"12,53","-0,0","0,0","12,53","0,18","-12,35","-6,79",1
910,902,"0,18","-0,0","0,0","0,18","11,77","11,59","4,81",1
911,903,"11,77","-0,0","0,0","11,77","8,86","-2,91","7,99",1
912,904,"8,86","-0,0","0,0","8,86","2,94","-5,92","-5,91",1
913,905,"2,94","-0,0","0,0","2,94","9,74","6,8","8,28",1
914,906,"9,74","-0,0","0,0","9,74","9,59","-0,15","5,09",1
915,907,"9,59","-0,0","0,0","9,59","7,88","-1,71","6,12",1
916,908,"7,88","-0,0","0,0","7,88","15,45","7,57","-2,94",1
917,909,"15,45","-0,0","0,0","15,45","0,44","-15,01","-9,16",1
918,910,"0,44","-0,0","0,0","0,44","8,11","7,67","-4,42",1
919,911,"8,11","-0,0","0,0","8,11","0,97","-7,14","0,79",1
920,912,"0,97","-0,0","0,0","0,97","5,52","4,55","-6,25",1
921,913,"5,52","-0,0","0,0","5,52","8,58","3,06","-0,28",1
922,914,"8,58","-0,0","0,0","8,58","9,54","0,96","6,6",1
923,915,"9,54","-0,0","0,0","9,54","7,13","-2,41","-2,61",1
924,916,"7,13","-0,0","0,0","7,13","3,0","-4,13","-6,59",1
925,917,"3,0","-0,0","0,0","3,0","12,7","9,7","4,82",1
926,918,"12,7","-0,0","0,0","12,7","7,09","-5,61","-8,36",1
927,919,"7,09","-0,0","0,0","7,09","0,98","-6,11","0,54",1
928,920,"0,98","-0,0","0,0","0,98","1,39","0,41","-6,72",1
929,921,"1,39","-0,0","0,0","1,39","16,97","15,58","16,0",1
930,922,"16,97","-0,0","0,0","16,97","1,53","-15,44","-3,99",1
931,923,"1,53","-0,0","0,0","1,53","12,06","10,53","3,48",1
932,924,"12,06","-0,0","0,0","12,06","20,2","8,14","10,66",1
933,925,"20,2","-0,0","0,0","20,2","18,0","-2,2","10,87",1
934,926,"18,0","-0,0","0,0","18,0","17,08","-0,92","14,08",1
935,927,"17,08","-0,0","0,0","17,08","24,0","6,92","11,3",1
936,928,"24,0","-0,0","0,0","24,0","19,68","-4,32","12,59",1
937,929,"19,68","-0,0","0,0","19,68","11,64","-8,04","10,66",1
938,930,"11,64","-0,0","0,0","11,64","6,22","-5,42","4,83",1
939,931,"6,22","-0,0","0,0","6,22","2,55","-3,67","-14,42",1
940,932,"2,55","-0,0","0,0","2,55","10,0","7,45","8,47",1
941,933,"10,0","-0,0","0,0","10,0","6,35","-3,65","-5,71",1
942,934,"6,35","-0,0","0,0","6,35","2,79","-3,56","-17,41",1
943,935,"2,79","-0,0","0,0","2,79","5,29","2,5","-12,71",1
944,936,"5,29","-0,0","0,0","5,29","0,09","-5,2","-16,99",1
945,937,"0,09","-0,0","0,0","0,09","2,86","2,77","-21,14",1
946,938,"2,86","-0,0","0,0","2,86","9,26","6,4","-10,42",1
947,939,"9,26","-0,0","0,0","9,26","3,05","-6,21","-8,59",1
948,940,"3,05","-0,0","0,0","3,05","0,04","-3,01","-6,18",1
949,941,"0,04","-0,0","0,0","0,04","14,62","14,58","12,07",1
950,942,"14,62","-0,0","0,0","14,62","14,85","0,23","4,85",1
951,943,"14,85","-0,0","0,0","14,85","2,84","-12,01","-3,51",1
952,944,"2,84","-0,0","0,0","2,84","12,71","9,87","9,92",1
953,945,"12,71","-0,0","0,0","12,71","7,0","-5,71","1,71",1
954,946,"7,0","-0,0","0,0","7,0","6,93","-0,07","6,84",1
955,947,"6,93","-0,0","0,0","6,93","0,15","-6,78","-2,71",1
956,948,"0,15","-0,0","0,0","0,15","0,23","0,08","-9,03",1
957,949,"0,23","-0,0","0,0","0,23","7,34","7,11","4,29",1
958,950,"7,34","-0,0","0,0","7,34","6,76","-0,58","6,72",1
959,951,"6,76","-0,0","0,0","6,76","10,87","4,11","-3,75",1
960,952,"10,87","-0,0","0,0","10,87","15,89","5,02","1,04",1
961,953,"15,89","-0,0","0,0","15,89","7,01","-8,88","4,17",1
962,954,"7,01","-0,0","0,0","7,01","10,23","3,22","-2,48",1
963,955,"10,23","-0,0","0,0","10,23","9,13","-1,1","2,13",1
964,956,"9,13","-0,0","0,0","9,13","22,09","12,96","15,16",1
965,957,"22,09","-0,0","0,0","22,09","17,73","-4,36","17,58",1
966,958,"17,73","-0,0","0,0","17,73","5,15","-12,58","4,92",1
967,959,"5,15","-0,0","0,0","5,15","6,32","1,17","-1,02",1
968,960,"6,32","-0,0","0,0","6,32","10,68","4,36","3,92",1
969,961,"10,68","-0,0","0,0","10,68","1,5","-9,18","-9,37",1
970,962,"1,5","-0,0","0,0","1,5","1,82","0,32","-14,07",1
971,963,"1,82","-0,0","0,0","1,82","1,35","-0,47","-5,66",1
972,964,"1,35","-0,0","0,0","1,35","2,63","1,28","-7,6",1
973,965,"2,63","-0,0","0,0","2,63","3,71","1,08","-5,42",1
974,966,"3,71","-0,0","0,0","3,71","2,49","-1,22","-19,6",1
975,967,"2,49","-0,0","0,0","2,49","10,89","8,4","-6,84",1
976,968,"10,89","-0,0","0,0","10,89","6,79","-4,1","1,64",1
977,969,"6,79","-0,0","0,0","6,79","33,61","26,82","27,29",1
978,970,"33,61","-0,0","0,0","33,61","5,54","-28,07","-5,14",1
979,971,"5,54","-0,0","0,0","5,54","8,67","3,13","7,17",1
980,972,"8,67","-0,0","0,0","8,67","5,55","-3,12","3,73",1
981,973,"5,55","-0,0","0,0","5,55","13,0","7,45","11,65",1
982,974,"13,0","-0,0","0,0","13,0","12,78","-0,22","10,15",1
983,975,"12,78","-0,0","0,0","12,78","5,01","-7,77","1,3",1
984,976,"5,01","-0,0","0,0","5,01","18,18","13,17","15,69",1
985,977,"18,18","-0,0","0,0","18,18","10,23","-7,95","-0,66",1
986,978,"10,23","-0,0","0,0","10,23","19,22","8,99","12,43",1
987,979,"19,22","-0,0","0,0","19,22","2,28","-16,94","-31,33",1
988,980,"2,28","-0,0","0,0","2,28","0,96","-1,32","-4,58",1
989,981,"0,96","-0,0","0,0","0,96","5,5","4,54","-3,17",1
990,982,"5,5","-0,0","0,0","5,5","0,27","-5,23","-5,28",1
991,983,"0,27","-0,0","0,0","0,27","2,61","2,34","-10,39",1
992,984,"2,61","-0,0","0,0","2,61","18,0","15,39","5,22",1
993,985,"18,0","-0,0","0,0","18,0","4,74","-13,26","-0,27",1
994,986,"4,74","-0,0","0,0","4,74","19,62","14,88","1,44",1
995,987,"19,62","-0,0","0,0","19,62","10,48","-9,14","0,25",1
996,988,"10,48","-0,0","0,0","10,48","0,57","-9,91","-18,65",1
997,989,"0,57","-0,0","0,0","0,57","6,14","5,57","3,86",1
998,990,"6,14","-0,0","0,0","6,14","0,06","-6,08","-0,9",1
999,991,"0,06","-0,0","0,0","0,06","8,72","8,66","3,22",1
1000,992,"8,72","-0,0","0,0","8,72","22,83","14,11","22,56",1
1001,993,"22,83","-0,0","0,0","22,83","5,86","-16,97","3,25",1
1002,994,"5,86","-0,0","0,0","5,86","3,47","-2,39","-14,53",1
1003,995,"3,47","-0,0","0,0","3,47","12,08","8,61","7,34",1
1004,996,"12,08","-0,0","0,0","12,08","4,19","-7,89","-15,43",1
1005,997,"4,19","-0,0","0,0","4,19","5,77","1,58","-4,71",1
1006,998,"5,77","-0,0","0,0","5,77","10,56","4,79","9,99",1
1007,999,"10,56","-0,0","0,0","10,56","2,91","-7,65","-3,23",1
1008,1000,"2,91","-0,0","0,0","2,91","3,57","0,66","3,51",1
